Device_id,Model ID,Task ID,Stream ID,Op Name,OP Type,OP State,Task Type,Task Start Time(us),Task Duration(us),Task Wait Time(us),Block Dim,Mix Block Dim,HF32 Eligible,Input Shapes,Input Data Types,Input Formats,Output Shapes,Output Data Types,Output Formats,Context ID,aicore_time(us),aic_total_cycles,aic_mac_time(us),aic_mac_ratio,aic_scalar_time(us),aic_scalar_ratio,aic_mte1_time(us),aic_mte1_ratio,aic_mte2_time(us),aic_mte2_ratio,aic_fixpipe_time(us),aic_fixpipe_ratio,aic_icache_miss_rate,aiv_time(us),aiv_total_cycles,aiv_vec_time(us),aiv_vec_ratio,aiv_scalar_time(us),aiv_scalar_ratio,aiv_mte2_time(us),aiv_mte2_ratio,aiv_mte3_time(us),aiv_mte3_ratio,aiv_icache_miss_rate,cube_utilization(%)
0,4294967295,0,47,vector_peak_transcendental_sqrt_fp32,vector_peak_transcendental_sqrt_fp32,dynamic,AI_CORE,1788227195283141.319	,231.501,0,1,0,NO,N/A,N/A,N/A,N/A,N/A,N/A,N/A,0.0,0,0.0,0.0,0.0,0.0,0.0,0.0,0.0,0.0,0.0,0.0,0.0,230.95,415710,205.578,0.89,73.751,0.319,0.57,0.002,0.566,0.002,0.0,0.000
0,4294967295,2,47,vector_peak_transcendental_sqrt_fp32,vector_peak_transcendental_sqrt_fp32,dynamic,AI_CORE,1788227195283444.954	,229.642,72.249000,1,0,NO,N/A,N/A,N/A,N/A,N/A,N/A,N/A,0.0,0,0.0,0.0,0.0,0.0,0.0,0.0,0.0,0.0,0.0,0.0,0.0,229.072,412329,205.578,0.897,73.237,0.32,0.122,0.001,0.146,0.001,0.0,0.000
0,4294967295,4,47,vector_peak_transcendental_sqrt_fp32,vector_peak_transcendental_sqrt_fp32,dynamic,AI_CORE,1788227195283720.712	,231.002,46.108000,1,0,NO,N/A,N/A,N/A,N/A,N/A,N/A,N/A,0.0,0,0.0,0.0,0.0,0.0,0.0,0.0,0.0,0.0,0.0,0.0,0.0,230.499,414899,205.578,0.892,73.627,0.319,0.464,0.002,0.472,0.002,0.0,0.000
0,4294967295,6,47,vector_peak_transcendental_sqrt_fp32,vector_peak_transcendental_sqrt_fp32,dynamic,AI_CORE,1788227195283991.951	,229.601,40.248000,1,0,NO,N/A,N/A,N/A,N/A,N/A,N/A,N/A,0.0,0,0.0,0.0,0.0,0.0,0.0,0.0,0.0,0.0,0.0,0.0,0.0,229.114,412405,205.578,0.897,73.266,0.32,0.114,0.0,0.134,0.001,0.0,0.000
0,4294967295,8,47,vector_peak_transcendental_sqrt_fp32,vector_peak_transcendental_sqrt_fp32,dynamic,AI_CORE,1788227195284270.788	,230.942,49.149000,1,0,NO,N/A,N/A,N/A,N/A,N/A,N/A,N/A,0.0,0,0.0,0.0,0.0,0.0,0.0,0.0,0.0,0.0,0.0,0.0,0.0,230.436,414785,205.578,0.892,73.509,0.319,0.432,0.002,0.444,0.002,0.0,0.000
0,4294967295,10,47,vector_peak_transcendental_sqrt_fp32,vector_peak_transcendental_sqrt_fp32,dynamic,AI_CORE,1788227195284539.687	,229.561,38.058000,1,0,NO,N/A,N/A,N/A,N/A,N/A,N/A,N/A,0.0,0,0.0,0.0,0.0,0.0,0.0,0.0,0.0,0.0,0.0,0.0,0.0,229.054,412297,205.578,0.898,73.219,0.32,0.108,0.0,0.132,0.001,0.0,0.000
0,4294967295,12,47,vector_peak_transcendental_sqrt_fp32,vector_peak_transcendental_sqrt_fp32,dynamic,AI_CORE,1788227195284803.106	,231.141,33.689000,1,0,NO,N/A,N/A,N/A,N/A,N/A,N/A,N/A,0.0,0,0.0,0.0,0.0,0.0,0.0,0.0,0.0,0.0,0.0,0.0,0.0,230.624,415123,205.578,0.891,73.661,0.319,0.458,0.002,0.467,0.002,0.0,0.000
0,4294967295,14,47,vector_peak_transcendental_sqrt_fp32,vector_peak_transcendental_sqrt_fp32,dynamic,AI_CORE,1788227195285067.764	,229.522,33.609000,1,0,NO,N/A,N/A,N/A,N/A,N/A,N/A,N/A,0.0,0,0.0,0.0,0.0,0.0,0.0,0.0,0.0,0.0,0.0,0.0,0.0,229.003,412205,205.578,0.898,73.147,0.319,0.122,0.001,0.134,0.001,0.0,0.000
0,4294967295,16,47,vector_peak_transcendental_sqrt_fp32,vector_peak_transcendental_sqrt_fp32,dynamic,AI_CORE,1788227195285329.503	,231.222,32.228000,1,0,NO,N/A,N/A,N/A,N/A,N/A,N/A,N/A,0.0,0,0.0,0.0,0.0,0.0,0.0,0.0,0.0,0.0,0.0,0.0,0.0,230.694,415249,205.578,0.891,73.733,0.32,0.419,0.002,0.433,0.002,0.0,0.000
0,4294967295,18,47,vector_peak_transcendental_sqrt_fp32,vector_peak_transcendental_sqrt_fp32,dynamic,AI_CORE,1788227195285593.002	,229.502,32.278000,1,0,NO,N/A,N/A,N/A,N/A,N/A,N/A,N/A,0.0,0,0.0,0.0,0.0,0.0,0.0,0.0,0.0,0.0,0.0,0.0,0.0,228.964,412135,205.578,0.898,73.112,0.319,0.116,0.001,0.138,0.001,0.0,0.000
0,4294967295,20,47,vector_peak_transcendental_sqrt_fp32,vector_peak_transcendental_sqrt_fp32,dynamic,AI_CORE,1788227195285854.861	,231.202,32.248000,1,0,NO,N/A,N/A,N/A,N/A,N/A,N/A,N/A,0.0,0,0.0,0.0,0.0,0.0,0.0,0.0,0.0,0.0,0.0,0.0,0.0,230.654,415178,205.578,0.891,73.694,0.319,0.447,0.002,0.46,0.002,0.0,0.000
0,4294967295,22,47,vector_peak_transcendental_sqrt_fp32,vector_peak_transcendental_sqrt_fp32,dynamic,AI_CORE,1788227195286118.880	,229.762,33.048000,1,0,NO,N/A,N/A,N/A,N/A,N/A,N/A,N/A,0.0,0,0.0,0.0,0.0,0.0,0.0,0.0,0.0,0.0,0.0,0.0,0.0,229.207,412573,205.578,0.897,73.336,0.32,0.131,0.001,0.147,0.001,0.0,0.000
0,4294967295,24,47,vector_peak_transcendental_sqrt_fp32,vector_peak_transcendental_sqrt_fp32,dynamic,AI_CORE,1788227195286380.779	,231.182,31.988000,1,0,NO,N/A,N/A,N/A,N/A,N/A,N/A,N/A,0.0,0,0.0,0.0,0.0,0.0,0.0,0.0,0.0,0.0,0.0,0.0,0.0,230.616,415108,205.578,0.891,73.688,0.32,0.433,0.002,0.453,0.002,0.0,0.000
0,4294967295,26,47,vector_peak_transcendental_sqrt_fp32,vector_peak_transcendental_sqrt_fp32,dynamic,AI_CORE,1788227195286644.398	,229.622,32.568000,1,0,NO,N/A,N/A,N/A,N/A,N/A,N/A,N/A,0.0,0,0.0,0.0,0.0,0.0,0.0,0.0,0.0,0.0,0.0,0.0,0.0,229.05,412290,205.578,0.898,73.178,0.319,0.129,0.001,0.152,0.001,0.0,0.000
0,4294967295,28,47,vector_peak_transcendental_sqrt_fp32,vector_peak_transcendental_sqrt_fp32,dynamic,AI_CORE,1788227195286905.957	,231.242,31.878000,1,0,NO,N/A,N/A,N/A,N/A,N/A,N/A,N/A,0.0,0,0.0,0.0,0.0,0.0,0.0,0.0,0.0,0.0,0.0,0.0,0.0,230.789,415421,205.578,0.891,73.707,0.319,0.487,0.002,0.494,0.002,0.0,0.000
0,4294967295,30,47,vector_peak_transcendental_sqrt_fp32,vector_peak_transcendental_sqrt_fp32,dynamic,AI_CORE,1788227195287171.136	,229.502,34.008000,1,0,NO,N/A,N/A,N/A,N/A,N/A,N/A,N/A,0.0,0,0.0,0.0,0.0,0.0,0.0,0.0,0.0,0.0,0.0,0.0,0.0,229.051,412291,205.578,0.898,73.173,0.319,0.114,0.0,0.134,0.001,0.0,0.000
0,4294967295,32,47,vector_peak_transcendental_sqrt_fp32,vector_peak_transcendental_sqrt_fp32,dynamic,AI_CORE,1788227195287436.055	,231.341,35.248000,1,0,NO,N/A,N/A,N/A,N/A,N/A,N/A,N/A,0.0,0,0.0,0.0,0.0,0.0,0.0,0.0,0.0,0.0,0.0,0.0,0.0,230.87,415566,205.578,0.89,73.606,0.319,0.502,0.002,0.492,0.002,0.0,0.000
0,4294967295,34,47,vector_peak_transcendental_sqrt_fp32,vector_peak_transcendental_sqrt_fp32,dynamic,AI_CORE,1788227195287706.833	,229.542,39.409000,1,0,NO,N/A,N/A,N/A,N/A,N/A,N/A,N/A,0.0,0,0.0,0.0,0.0,0.0,0.0,0.0,0.0,0.0,0.0,0.0,0.0,229.059,412307,205.578,0.897,73.187,0.32,0.093,0.0,0.109,0.0,0.0,0.000
0,4294967295,36,47,vector_peak_transcendental_sqrt_fp32,vector_peak_transcendental_sqrt_fp32,dynamic,AI_CORE,1788227195287969.792	,231.362,33.458000,1,0,NO,N/A,N/A,N/A,N/A,N/A,N/A,N/A,0.0,0,0.0,0.0,0.0,0.0,0.0,0.0,0.0,0.0,0.0,0.0,0.0,230.869,415565,205.578,0.89,73.887,0.32,0.636,0.003,0.475,0.002,0.0,0.000
0,4294967295,38,47,vector_peak_transcendental_sqrt_fp32,vector_peak_transcendental_sqrt_fp32,dynamic,AI_CORE,1788227195288234.531	,229.582,33.388000,1,0,NO,N/A,N/A,N/A,N/A,N/A,N/A,N/A,0.0,0,0.0,0.0,0.0,0.0,0.0,0.0,0.0,0.0,0.0,0.0,0.0,229.082,412348,205.578,0.897,73.223,0.32,0.085,0.0,0.105,0.0,0.0,0.000
0,4294967295,40,47,vector_peak_transcendental_sqrt_fp32,vector_peak_transcendental_sqrt_fp32,dynamic,AI_CORE,1788227195288498.650	,231.241,34.668000,1,0,NO,N/A,N/A,N/A,N/A,N/A,N/A,N/A,0.0,0,0.0,0.0,0.0,0.0,0.0,0.0,0.0,0.0,0.0,0.0,0.0,230.706,415271,205.578,0.891,73.692,0.319,0.468,0.002,0.465,0.002,0.0,0.000
0,4294967295,42,47,vector_peak_transcendental_sqrt_fp32,vector_peak_transcendental_sqrt_fp32,dynamic,AI_CORE,1788227195288763.989	,229.581,34.009000,1,0,NO,N/A,N/A,N/A,N/A,N/A,N/A,N/A,0.0,0,0.0,0.0,0.0,0.0,0.0,0.0,0.0,0.0,0.0,0.0,0.0,229.062,412312,205.578,0.897,73.207,0.32,0.099,0.0,0.11,0.0,0.0,0.000
0,4294967295,44,47,vector_peak_transcendental_sqrt_fp32,vector_peak_transcendental_sqrt_fp32,dynamic,AI_CORE,1788227195289026.728	,231.101,33.169000,1,0,NO,N/A,N/A,N/A,N/A,N/A,N/A,N/A,0.0,0,0.0,0.0,0.0,0.0,0.0,0.0,0.0,0.0,0.0,0.0,0.0,230.564,415015,205.578,0.892,73.653,0.319,0.452,0.002,0.468,0.002,0.0,0.000
0,4294967295,46,47,vector_peak_transcendental_sqrt_fp32,vector_peak_transcendental_sqrt_fp32,dynamic,AI_CORE,1788227195289291.006	,229.562,33.149000,1,0,NO,N/A,N/A,N/A,N/A,N/A,N/A,N/A,0.0,0,0.0,0.0,0.0,0.0,0.0,0.0,0.0,0.0,0.0,0.0,0.0,229.048,412286,205.578,0.898,73.129,0.319,0.093,0.0,0.115,0.001,0.0,0.000
0,4294967295,48,47,vector_peak_transcendental_sqrt_fp32,vector_peak_transcendental_sqrt_fp32,dynamic,AI_CORE,1788227195289553.585	,231.122,32.938000,1,0,NO,N/A,N/A,N/A,N/A,N/A,N/A,N/A,0.0,0,0.0,0.0,0.0,0.0,0.0,0.0,0.0,0.0,0.0,0.0,0.0,230.619,415115,205.578,0.891,73.589,0.319,0.471,0.002,0.523,0.002,0.0,0.000
0,4294967295,50,47,vector_peak_transcendental_sqrt_fp32,vector_peak_transcendental_sqrt_fp32,dynamic,AI_CORE,1788227195289817.704	,229.722,33.128000,1,0,NO,N/A,N/A,N/A,N/A,N/A,N/A,N/A,0.0,0,0.0,0.0,0.0,0.0,0.0,0.0,0.0,0.0,0.0,0.0,0.0,229.191,412544,205.578,0.897,73.285,0.32,0.108,0.0,0.12,0.001,0.0,0.000
0,4294967295,52,47,vector_peak_transcendental_sqrt_fp32,vector_peak_transcendental_sqrt_fp32,dynamic,AI_CORE,1788227195290080.763	,231.402,33.278000,1,0,NO,N/A,N/A,N/A,N/A,N/A,N/A,N/A,0.0,0,0.0,0.0,0.0,0.0,0.0,0.0,0.0,0.0,0.0,0.0,0.0,230.872,415569,205.578,0.89,73.652,0.319,0.465,0.002,0.487,0.002,0.0,0.000
0,4294967295,54,47,vector_peak_transcendental_sqrt_fp32,vector_peak_transcendental_sqrt_fp32,dynamic,AI_CORE,1788227195290346.122	,229.662,33.848000,1,0,NO,N/A,N/A,N/A,N/A,N/A,N/A,N/A,0.0,0,0.0,0.0,0.0,0.0,0.0,0.0,0.0,0.0,0.0,0.0,0.0,229.122,412419,205.578,0.897,73.182,0.319,0.106,0.0,0.128,0.001,0.0,0.000
0,4294967295,56,47,vector_peak_transcendental_sqrt_fp32,vector_peak_transcendental_sqrt_fp32,dynamic,AI_CORE,1788227195290609.381	,231.061,33.838000,1,0,NO,N/A,N/A,N/A,N/A,N/A,N/A,N/A,0.0,0,0.0,0.0,0.0,0.0,0.0,0.0,0.0,0.0,0.0,0.0,0.0,230.612,415102,205.578,0.891,73.562,0.319,0.48,0.002,0.487,0.002,0.0,0.000
0,4294967295,58,47,vector_peak_transcendental_sqrt_fp32,vector_peak_transcendental_sqrt_fp32,dynamic,AI_CORE,1788227195290873.800	,229.481,33.189000,1,0,NO,N/A,N/A,N/A,N/A,N/A,N/A,N/A,0.0,0,0.0,0.0,0.0,0.0,0.0,0.0,0.0,0.0,0.0,0.0,0.0,229.032,412258,205.578,0.898,73.154,0.319,0.099,0.0,0.118,0.001,0.0,0.000
0,4294967295,60,47,vector_peak_transcendental_sqrt_fp32,vector_peak_transcendental_sqrt_fp32,dynamic,AI_CORE,1788227195291136.699	,231.201,33.519000,1,0,NO,N/A,N/A,N/A,N/A,N/A,N/A,N/A,0.0,0,0.0,0.0,0.0,0.0,0.0,0.0,0.0,0.0,0.0,0.0,0.0,230.744,415340,205.578,0.891,73.548,0.319,0.585,0.003,0.646,0.003,0.0,0.000
0,4294967295,62,47,vector_peak_transcendental_sqrt_fp32,vector_peak_transcendental_sqrt_fp32,dynamic,AI_CORE,1788227195291402.677	,229.462,34.799000,1,0,NO,N/A,N/A,N/A,N/A,N/A,N/A,N/A,0.0,0,0.0,0.0,0.0,0.0,0.0,0.0,0.0,0.0,0.0,0.0,0.0,229.006,412210,205.578,0.898,73.121,0.319,0.089,0.0,0.114,0.0,0.0,0.000
0,4294967295,64,47,vector_peak_transcendental_sqrt_fp32,vector_peak_transcendental_sqrt_fp32,dynamic,AI_CORE,1788227195291668.516	,231.042,36.288000,1,0,NO,N/A,N/A,N/A,N/A,N/A,N/A,N/A,0.0,0,0.0,0.0,0.0,0.0,0.0,0.0,0.0,0.0,0.0,0.0,0.0,230.54,414972,205.578,0.892,73.553,0.319,0.451,0.002,0.468,0.002,0.0,0.000
0,4294967295,66,47,vector_peak_transcendental_sqrt_fp32,vector_peak_transcendental_sqrt_fp32,dynamic,AI_CORE,1788227195291932.335	,229.602,32.708000,1,0,NO,N/A,N/A,N/A,N/A,N/A,N/A,N/A,0.0,0,0.0,0.0,0.0,0.0,0.0,0.0,0.0,0.0,0.0,0.0,0.0,229.079,412343,205.578,0.897,73.176,0.319,0.108,0.0,0.129,0.001,0.0,0.000
0,4294967295,68,47,vector_peak_transcendental_sqrt_fp32,vector_peak_transcendental_sqrt_fp32,dynamic,AI_CORE,1788227195292193.994	,231.002,32.148000,1,0,NO,N/A,N/A,N/A,N/A,N/A,N/A,N/A,0.0,0,0.0,0.0,0.0,0.0,0.0,0.0,0.0,0.0,0.0,0.0,0.0,230.534,414962,205.578,0.892,73.542,0.319,0.469,0.002,0.477,0.002,0.0,0.000
0,4294967295,70,47,vector_peak_transcendental_sqrt_fp32,vector_peak_transcendental_sqrt_fp32,dynamic,AI_CORE,1788227195292458.033	,229.482,32.998000,1,0,NO,N/A,N/A,N/A,N/A,N/A,N/A,N/A,0.0,0,0.0,0.0,0.0,0.0,0.0,0.0,0.0,0.0,0.0,0.0,0.0,229.013,412223,205.578,0.898,73.171,0.32,0.108,0.0,0.129,0.001,0.0,0.000
0,4294967295,72,47,vector_peak_transcendental_sqrt_fp32,vector_peak_transcendental_sqrt_fp32,dynamic,AI_CORE,1788227195292720.372	,231.041,32.768000,1,0,NO,N/A,N/A,N/A,N/A,N/A,N/A,N/A,0.0,0,0.0,0.0,0.0,0.0,0.0,0.0,0.0,0.0,0.0,0.0,0.0,230.552,414994,205.578,0.892,73.502,0.319,0.456,0.002,0.461,0.002,0.0,0.000
0,4294967295,74,47,vector_peak_transcendental_sqrt_fp32,vector_peak_transcendental_sqrt_fp32,dynamic,AI_CORE,1788227195292984.111	,229.481,32.709000,1,0,NO,N/A,N/A,N/A,N/A,N/A,N/A,N/A,0.0,0,0.0,0.0,0.0,0.0,0.0,0.0,0.0,0.0,0.0,0.0,0.0,228.978,412160,205.578,0.898,73.14,0.319,0.1,0.0,0.126,0.001,0.0,0.000
0,4294967295,76,47,vector_peak_transcendental_sqrt_fp32,vector_peak_transcendental_sqrt_fp32,dynamic,AI_CORE,1788227195293246.130	,231.141,32.769000,1,0,NO,N/A,N/A,N/A,N/A,N/A,N/A,N/A,0.0,0,0.0,0.0,0.0,0.0,0.0,0.0,0.0,0.0,0.0,0.0,0.0,230.603,415086,205.578,0.891,73.649,0.319,0.439,0.002,0.461,0.002,0.0,0.000
0,4294967295,78,47,vector_peak_transcendental_sqrt_fp32,vector_peak_transcendental_sqrt_fp32,dynamic,AI_CORE,1788227195293516.568	,229.582,39.109000,1,0,NO,N/A,N/A,N/A,N/A,N/A,N/A,N/A,0.0,0,0.0,0.0,0.0,0.0,0.0,0.0,0.0,0.0,0.0,0.0,0.0,229.028,412251,205.578,0.898,73.205,0.32,0.122,0.001,0.138,0.001,0.0,0.000
0,4294967295,80,47,vector_peak_transcendental_sqrt_fp32,vector_peak_transcendental_sqrt_fp32,dynamic,AI_CORE,1788227195293784.227	,228.881,38.168000,1,0,NO,N/A,N/A,N/A,N/A,N/A,N/A,N/A,0.0,0,0.0,0.0,0.0,0.0,0.0,0.0,0.0,0.0,0.0,0.0,0.0,228.354,411037,205.573,0.9,72.764,0.319,0.12,0.001,0.143,0.001,0.0,0.000
0,4294967295,82,47,vector_peak_transcendental_sqrt_fp32,vector_peak_transcendental_sqrt_fp32,dynamic,AI_CORE,1788227195294051.485	,228.942,38.369000,1,0,NO,N/A,N/A,N/A,N/A,N/A,N/A,N/A,0.0,0,0.0,0.0,0.0,0.0,0.0,0.0,0.0,0.0,0.0,0.0,0.0,228.388,411099,205.573,0.9,72.798,0.319,0.12,0.001,0.145,0.001,0.0,0.000
0,4294967295,84,47,vector_peak_transcendental_sqrt_fp32,vector_peak_transcendental_sqrt_fp32,dynamic,AI_CORE,1788227195294318.104	,228.762,37.558000,1,0,NO,N/A,N/A,N/A,N/A,N/A,N/A,N/A,0.0,0,0.0,0.0,0.0,0.0,0.0,0.0,0.0,0.0,0.0,0.0,0.0,228.293,410927,205.573,0.9,72.716,0.319,0.112,0.0,0.132,0.001,0.0,0.000
0,4294967295,86,47,vector_peak_transcendental_sqrt_fp32,vector_peak_transcendental_sqrt_fp32,dynamic,AI_CORE,1788227195294586.423	,228.781,39.738000,1,0,NO,N/A,N/A,N/A,N/A,N/A,N/A,N/A,0.0,0,0.0,0.0,0.0,0.0,0.0,0.0,0.0,0.0,0.0,0.0,0.0,228.292,410925,205.573,0.9,72.715,0.319,0.113,0.0,0.134,0.001,0.0,0.000
0,4294967295,88,47,vector_peak_transcendental_sqrt_fp32,vector_peak_transcendental_sqrt_fp32,dynamic,AI_CORE,1788227195294853.761	,228.822,38.469000,1,0,NO,N/A,N/A,N/A,N/A,N/A,N/A,N/A,0.0,0,0.0,0.0,0.0,0.0,0.0,0.0,0.0,0.0,0.0,0.0,0.0,228.311,410959,205.573,0.9,72.73,0.319,0.105,0.0,0.13,0.001,0.0,0.000